file,split,accuracy_pct,correct,total,no_answer,avg_tokens,model
len2_conly_bf16_sigma0.001_base,len_1,76.65,1011,1319,61,257.6,Qwen/Qwen3-1.7B
len2_conly_bf16_sigma0.001_base,len_2,38.59,186,482,8,360.0,Qwen/Qwen3-1.7B
len2_conly_bf16_sigma0.001_base,len_3,14.63,43,294,19,510.5,Qwen/Qwen3-1.7B
len2_conly_bf16_sigma0.001_step_100,len_1,76.95,1015,1319,57,253.1,runs/h1_curriculum_len2_correctonly_bf16_sigma0.001/stage2_len2/merged/step_100
len2_conly_bf16_sigma0.001_step_100,len_2,40.04,193,482,6,382.9,runs/h1_curriculum_len2_correctonly_bf16_sigma0.001/stage2_len2/merged/step_100
len2_conly_bf16_sigma0.001_step_100,len_3,17.01,50,294,22,533.3,runs/h1_curriculum_len2_correctonly_bf16_sigma0.001/stage2_len2/merged/step_100
len2_conly_bf16_sigma0.001_step_150,len_1,75.82,1000,1319,58,257.7,runs/h1_curriculum_len2_correctonly_bf16_sigma0.001/stage2_len2/merged/step_150
len2_conly_bf16_sigma0.001_step_150,len_2,41.49,200,482,7,380.7,runs/h1_curriculum_len2_correctonly_bf16_sigma0.001/stage2_len2/merged/step_150
len2_conly_bf16_sigma0.001_step_150,len_3,20.41,60,294,12,577.5,runs/h1_curriculum_len2_correctonly_bf16_sigma0.001/stage2_len2/merged/step_150
len2_conly_bf16_sigma0.001_step_200,len_1,77.03,1016,1319,66,258.8,runs/h1_curriculum_len2_correctonly_bf16_sigma0.001/stage2_len2/merged/step_200
len2_conly_bf16_sigma0.001_step_200,len_2,43.57,210,482,7,387.4,runs/h1_curriculum_len2_correctonly_bf16_sigma0.001/stage2_len2/merged/step_200
len2_conly_bf16_sigma0.001_step_200,len_3,24.15,71,294,9,609.4,runs/h1_curriculum_len2_correctonly_bf16_sigma0.001/stage2_len2/merged/step_200
len2_conly_bf16_sigma0.001_step_250,len_1,77.48,1022,1319,62,258.9,runs/h1_curriculum_len2_correctonly_bf16_sigma0.001/stage2_len2/merged/step_250
len2_conly_bf16_sigma0.001_step_250,len_2,43.15,208,482,7,390.7,runs/h1_curriculum_len2_correctonly_bf16_sigma0.001/stage2_len2/merged/step_250
len2_conly_bf16_sigma0.001_step_250,len_3,23.47,69,294,12,622.8,runs/h1_curriculum_len2_correctonly_bf16_sigma0.001/stage2_len2/merged/step_250
len2_conly_bf16_sigma0.001_step_300,len_1,77.33,1020,1319,67,258.0,runs/h1_curriculum_len2_correctonly_bf16_sigma0.001/stage2_len2/merged/step_300
len2_conly_bf16_sigma0.001_step_300,len_2,41.29,199,482,4,400.7,runs/h1_curriculum_len2_correctonly_bf16_sigma0.001/stage2_len2/merged/step_300
len2_conly_bf16_sigma0.001_step_300,len_3,25.17,74,294,12,616.2,runs/h1_curriculum_len2_correctonly_bf16_sigma0.001/stage2_len2/merged/step_300
len2_conly_bf16_sigma0.001_step_350,len_1,75.51,996,1319,74,260.4,runs/h1_curriculum_len2_correctonly_bf16_sigma0.001/stage2_len2/merged/step_350
len2_conly_bf16_sigma0.001_step_350,len_2,43.78,211,482,8,393.6,runs/h1_curriculum_len2_correctonly_bf16_sigma0.001/stage2_len2/merged/step_350
len2_conly_bf16_sigma0.001_step_350,len_3,24.83,73,294,10,651.3,runs/h1_curriculum_len2_correctonly_bf16_sigma0.001/stage2_len2/merged/step_350
len2_conly_bf16_sigma0.001_step_400,len_1,77.41,1021,1319,61,259.4,runs/h1_curriculum_len2_correctonly_bf16_sigma0.001/stage2_len2/merged/step_400
len2_conly_bf16_sigma0.001_step_400,len_2,43.98,212,482,7,407.8,runs/h1_curriculum_len2_correctonly_bf16_sigma0.001/stage2_len2/merged/step_400
len2_conly_bf16_sigma0.001_step_400,len_3,26.19,77,294,4,651.7,runs/h1_curriculum_len2_correctonly_bf16_sigma0.001/stage2_len2/merged/step_400
len2_conly_bf16_sigma0.001_step_450,len_1,76.88,1014,1319,74,261.5,runs/h1_curriculum_len2_correctonly_bf16_sigma0.001/stage2_len2/merged/step_450
len2_conly_bf16_sigma0.001_step_450,len_2,45.02,217,482,3,400.8,runs/h1_curriculum_len2_correctonly_bf16_sigma0.001/stage2_len2/merged/step_450
len2_conly_bf16_sigma0.001_step_450,len_3,26.87,79,294,5,670.5,runs/h1_curriculum_len2_correctonly_bf16_sigma0.001/stage2_len2/merged/step_450
len2_conly_bf16_sigma0.001_step_50,len_1,77.26,1019,1319,53,253.2,runs/h1_curriculum_len2_correctonly_bf16_sigma0.001/stage2_len2/merged/step_50
len2_conly_bf16_sigma0.001_step_50,len_2,39.63,191,482,6,369.8,runs/h1_curriculum_len2_correctonly_bf16_sigma0.001/stage2_len2/merged/step_50
len2_conly_bf16_sigma0.001_step_50,len_3,14.29,42,294,28,520.0,runs/h1_curriculum_len2_correctonly_bf16_sigma0.001/stage2_len2/merged/step_50
len2_conly_bf16_sigma0.001_step_500,len_1,75.82,1000,1319,79,259.6,runs/h1_curriculum_len2_correctonly_bf16_sigma0.001/stage2_len2/merged/step_500
len2_conly_bf16_sigma0.001_step_500,len_2,46.68,225,482,1,413.6,runs/h1_curriculum_len2_correctonly_bf16_sigma0.001/stage2_len2/merged/step_500
len2_conly_bf16_sigma0.001_step_500,len_3,27.21,80,294,5,688.9,runs/h1_curriculum_len2_correctonly_bf16_sigma0.001/stage2_len2/merged/step_500
len2_conly_bf16_sigma0.001_step_550,len_1,76.50,1009,1319,69,259.1,runs/h1_curriculum_len2_correctonly_bf16_sigma0.001/stage2_len2/merged/step_550
len2_conly_bf16_sigma0.001_step_550,len_2,47.30,228,482,4,426.6,runs/h1_curriculum_len2_correctonly_bf16_sigma0.001/stage2_len2/merged/step_550
len2_conly_bf16_sigma0.001_step_550,len_3,25.17,74,294,6,695.1,runs/h1_curriculum_len2_correctonly_bf16_sigma0.001/stage2_len2/merged/step_550
len2_conly_bf16_sigma0.001_step_599,len_1,77.26,1019,1319,72,259.8,runs/h1_curriculum_len2_correctonly_bf16_sigma0.001/stage2_len2/merged/step_599
len2_conly_bf16_sigma0.001_step_599,len_2,47.30,228,482,3,434.8,runs/h1_curriculum_len2_correctonly_bf16_sigma0.001/stage2_len2/merged/step_599
len2_conly_bf16_sigma0.001_step_599,len_3,25.51,75,294,6,714.1,runs/h1_curriculum_len2_correctonly_bf16_sigma0.001/stage2_len2/merged/step_599
len2_conly_fp32master_sigma0.001_base,len_1,76.80,1013,1319,60,256.3,Qwen/Qwen3-1.7B
len2_conly_fp32master_sigma0.001_base,len_2,38.59,186,482,7,359.9,Qwen/Qwen3-1.7B
len2_conly_fp32master_sigma0.001_base,len_3,14.63,43,294,19,511.2,Qwen/Qwen3-1.7B
len2_conly_fp32master_sigma0.001_step_100,len_1,76.88,1014,1319,54,257.5,runs/h1_curriculum_len2_correctonly_fp32master_sigma0.001/stage2_len2/merged/step_100
len2_conly_fp32master_sigma0.001_step_100,len_2,41.49,200,482,4,379.2,runs/h1_curriculum_len2_correctonly_fp32master_sigma0.001/stage2_len2/merged/step_100
len2_conly_fp32master_sigma0.001_step_100,len_3,19.39,57,294,25,548.4,runs/h1_curriculum_len2_correctonly_fp32master_sigma0.001/stage2_len2/merged/step_100
len2_conly_fp32master_sigma0.001_step_150,len_1,77.79,1026,1319,59,262.1,runs/h1_curriculum_len2_correctonly_fp32master_sigma0.001/stage2_len2/merged/step_150
len2_conly_fp32master_sigma0.001_step_150,len_2,43.78,211,482,7,400.0,runs/h1_curriculum_len2_correctonly_fp32master_sigma0.001/stage2_len2/merged/step_150
len2_conly_fp32master_sigma0.001_step_150,len_3,20.07,59,294,7,603.1,runs/h1_curriculum_len2_correctonly_fp32master_sigma0.001/stage2_len2/merged/step_150
len2_conly_fp32master_sigma0.001_step_200,len_1,78.01,1029,1319,69,265.1,runs/h1_curriculum_len2_correctonly_fp32master_sigma0.001/stage2_len2/merged/step_200
len2_conly_fp32master_sigma0.001_step_200,len_2,45.64,220,482,6,406.2,runs/h1_curriculum_len2_correctonly_fp32master_sigma0.001/stage2_len2/merged/step_200
len2_conly_fp32master_sigma0.001_step_200,len_3,24.15,71,294,13,631.5,runs/h1_curriculum_len2_correctonly_fp32master_sigma0.001/stage2_len2/merged/step_200
len2_conly_fp32master_sigma0.001_step_250,len_1,78.54,1036,1319,67,265.8,runs/h1_curriculum_len2_correctonly_fp32master_sigma0.001/stage2_len2/merged/step_250
len2_conly_fp32master_sigma0.001_step_250,len_2,45.64,220,482,2,414.2,runs/h1_curriculum_len2_correctonly_fp32master_sigma0.001/stage2_len2/merged/step_250
len2_conly_fp32master_sigma0.001_step_250,len_3,19.73,58,294,8,595.2,runs/h1_curriculum_len2_correctonly_fp32master_sigma0.001/stage2_len2/merged/step_250
len2_conly_fp32master_sigma0.001_step_300,len_1,77.63,1024,1319,67,269.0,runs/h1_curriculum_len2_correctonly_fp32master_sigma0.001/stage2_len2/merged/step_300
len2_conly_fp32master_sigma0.001_step_300,len_2,46.68,225,482,2,430.5,runs/h1_curriculum_len2_correctonly_fp32master_sigma0.001/stage2_len2/merged/step_300
len2_conly_fp32master_sigma0.001_step_300,len_3,24.83,73,294,8,613.7,runs/h1_curriculum_len2_correctonly_fp32master_sigma0.001/stage2_len2/merged/step_300
len2_conly_fp32master_sigma0.001_step_350,len_1,78.17,1031,1319,56,270.3,runs/h1_curriculum_len2_correctonly_fp32master_sigma0.001/stage2_len2/merged/step_350
len2_conly_fp32master_sigma0.001_step_350,len_2,48.96,236,482,0,428.5,runs/h1_curriculum_len2_correctonly_fp32master_sigma0.001/stage2_len2/merged/step_350
len2_conly_fp32master_sigma0.001_step_350,len_3,24.49,72,294,11,667.2,runs/h1_curriculum_len2_correctonly_fp32master_sigma0.001/stage2_len2/merged/step_350
len2_conly_fp32master_sigma0.001_step_400,len_1,78.32,1033,1319,66,272.1,runs/h1_curriculum_len2_correctonly_fp32master_sigma0.001/stage2_len2/merged/step_400
len2_conly_fp32master_sigma0.001_step_400,len_2,48.96,236,482,0,434.4,runs/h1_curriculum_len2_correctonly_fp32master_sigma0.001/stage2_len2/merged/step_400
len2_conly_fp32master_sigma0.001_step_400,len_3,28.23,83,294,7,698.2,runs/h1_curriculum_len2_correctonly_fp32master_sigma0.001/stage2_len2/merged/step_400
len2_conly_fp32master_sigma0.001_step_450,len_1,76.19,1005,1319,67,276.8,runs/h1_curriculum_len2_correctonly_fp32master_sigma0.001/stage2_len2/merged/step_450
len2_conly_fp32master_sigma0.001_step_450,len_2,52.90,255,482,3,463.1,runs/h1_curriculum_len2_correctonly_fp32master_sigma0.001/stage2_len2/merged/step_450
len2_conly_fp32master_sigma0.001_step_450,len_3,25.85,76,294,6,731.4,runs/h1_curriculum_len2_correctonly_fp32master_sigma0.001/stage2_len2/merged/step_450
len2_conly_fp32master_sigma0.001_step_50,len_1,76.95,1015,1319,56,254.0,runs/h1_curriculum_len2_correctonly_fp32master_sigma0.001/stage2_len2/merged/step_50
len2_conly_fp32master_sigma0.001_step_50,len_2,41.49,200,482,8,369.3,runs/h1_curriculum_len2_correctonly_fp32master_sigma0.001/stage2_len2/merged/step_50
len2_conly_fp32master_sigma0.001_step_50,len_3,15.65,46,294,20,493.8,runs/h1_curriculum_len2_correctonly_fp32master_sigma0.001/stage2_len2/merged/step_50
len2_conly_fp32master_sigma0.001_step_500,len_1,76.80,1013,1319,73,274.1,runs/h1_curriculum_len2_correctonly_fp32master_sigma0.001/stage2_len2/merged/step_500
len2_conly_fp32master_sigma0.001_step_500,len_2,50.83,245,482,1,468.3,runs/h1_curriculum_len2_correctonly_fp32master_sigma0.001/stage2_len2/merged/step_500
len2_conly_fp32master_sigma0.001_step_500,len_3,31.63,93,294,2,731.1,runs/h1_curriculum_len2_correctonly_fp32master_sigma0.001/stage2_len2/merged/step_500
len2_conly_fp32master_sigma0.001_step_550,len_1,76.72,1012,1319,66,274.0,runs/h1_curriculum_len2_correctonly_fp32master_sigma0.001/stage2_len2/merged/step_550
len2_conly_fp32master_sigma0.001_step_550,len_2,50.62,244,482,2,488.7,runs/h1_curriculum_len2_correctonly_fp32master_sigma0.001/stage2_len2/merged/step_550
len2_conly_fp32master_sigma0.001_step_550,len_3,28.57,84,294,1,766.9,runs/h1_curriculum_len2_correctonly_fp32master_sigma0.001/stage2_len2/merged/step_550
len2_conly_fp32master_sigma0.001_step_599,len_1,76.27,1006,1319,73,273.3,runs/h1_curriculum_len2_correctonly_fp32master_sigma0.001/stage2_len2/merged/step_599
len2_conly_fp32master_sigma0.001_step_599,len_2,51.45,248,482,3,491.4,runs/h1_curriculum_len2_correctonly_fp32master_sigma0.001/stage2_len2/merged/step_599
len2_conly_fp32master_sigma0.001_step_599,len_3,30.27,89,294,1,772.8,runs/h1_curriculum_len2_correctonly_fp32master_sigma0.001/stage2_len2/merged/step_599
len2_conly_gated_base,len_1,76.80,1013,1319,59,255.3,Qwen/Qwen3-1.7B
len2_conly_gated_base,len_2,38.59,186,482,8,359.9,Qwen/Qwen3-1.7B
len2_conly_gated_base,len_3,14.63,43,294,19,511.2,Qwen/Qwen3-1.7B
len2_conly_gated_step_100,len_1,76.65,1011,1319,54,249.5,runs/h1_curriculum_len2_gated/stage2_len2/merged/step_100
len2_conly_gated_step_100,len_2,34.85,168,482,24,322.4,runs/h1_curriculum_len2_gated/stage2_len2/merged/step_100
len2_conly_gated_step_100,len_3,17.35,51,294,25,477.4,runs/h1_curriculum_len2_gated/stage2_len2/merged/step_100
len2_conly_gated_step_150,len_1,78.01,1029,1319,46,240.6,runs/h1_curriculum_len2_gated/stage2_len2/merged/step_150
len2_conly_gated_step_150,len_2,38.17,184,482,25,332.3,runs/h1_curriculum_len2_gated/stage2_len2/merged/step_150
len2_conly_gated_step_150,len_3,18.03,53,294,28,472.6,runs/h1_curriculum_len2_gated/stage2_len2/merged/step_150
len2_conly_gated_step_200,len_1,77.26,1019,1319,44,229.0,runs/h1_curriculum_len2_gated/stage2_len2/merged/step_200
len2_conly_gated_step_200,len_2,39.21,189,482,18,331.0,runs/h1_curriculum_len2_gated/stage2_len2/merged/step_200
len2_conly_gated_step_200,len_3,18.03,53,294,31,468.3,runs/h1_curriculum_len2_gated/stage2_len2/merged/step_200
len2_conly_gated_step_250,len_1,76.88,1014,1319,39,213.1,runs/h1_curriculum_len2_gated/stage2_len2/merged/step_250
len2_conly_gated_step_250,len_2,38.17,184,482,25,325.7,runs/h1_curriculum_len2_gated/stage2_len2/merged/step_250
len2_conly_gated_step_250,len_3,14.97,44,294,33,459.8,runs/h1_curriculum_len2_gated/stage2_len2/merged/step_250
len2_conly_gated_step_299,len_1,77.18,1018,1319,34,205.8,runs/h1_curriculum_len2_gated/stage2_len2/merged/step_299
len2_conly_gated_step_299,len_2,39.21,189,482,28,322.8,runs/h1_curriculum_len2_gated/stage2_len2/merged/step_299
len2_conly_gated_step_299,len_3,17.35,51,294,19,454.0,runs/h1_curriculum_len2_gated/stage2_len2/merged/step_299
len2_conly_gated_step_400,len_1,77.41,1021,1319,38,204.5,runs/h1_curriculum_len2_gated/stage2_len2/merged/step_400
len2_conly_gated_step_400,len_2,40.46,195,482,20,326.2,runs/h1_curriculum_len2_gated/stage2_len2/merged/step_400
len2_conly_gated_step_400,len_3,15.99,47,294,27,470.9,runs/h1_curriculum_len2_gated/stage2_len2/merged/step_400
len2_conly_gated_step_50,len_1,76.65,1011,1319,51,257.6,runs/h1_curriculum_len2_gated/stage2_len2/merged/step_50
len2_conly_gated_step_50,len_2,39.21,189,482,15,346.5,runs/h1_curriculum_len2_gated/stage2_len2/merged/step_50
len2_conly_gated_step_50,len_3,15.99,47,294,22,462.0,runs/h1_curriculum_len2_gated/stage2_len2/merged/step_50
len2_conly_gated_step_500,len_1,76.12,1004,1319,40,208.5,runs/h1_curriculum_len2_gated/stage2_len2/merged/step_500
len2_conly_gated_step_500,len_2,41.08,198,482,20,332.8,runs/h1_curriculum_len2_gated/stage2_len2/merged/step_500
len2_conly_gated_step_500,len_3,16.33,48,294,25,467.1,runs/h1_curriculum_len2_gated/stage2_len2/merged/step_500
len2_conly_gated_step_600,len_1,76.42,1008,1319,42,210.2,runs/h1_curriculum_len2_gated/stage2_len2/merged/step_600
len2_conly_gated_step_600,len_2,42.53,205,482,12,330.5,runs/h1_curriculum_len2_gated/stage2_len2/merged/step_600
len2_conly_gated_step_600,len_3,17.01,50,294,20,471.6,runs/h1_curriculum_len2_gated/stage2_len2/merged/step_600
len2_conly_gated_step_700,len_1,77.18,1018,1319,35,201.7,runs/h1_curriculum_len2_gated/stage2_len2/merged/step_700
len2_conly_gated_step_700,len_2,43.36,209,482,12,331.2,runs/h1_curriculum_len2_gated/stage2_len2/merged/step_700
len2_conly_gated_step_700,len_3,18.71,55,294,26,474.6,runs/h1_curriculum_len2_gated/stage2_len2/merged/step_700
len2_conly_gated_step_800,len_1,76.27,1006,1319,33,203.5,runs/h1_curriculum_len2_gated/stage2_len2/merged/step_800
len2_conly_gated_step_800,len_2,43.78,211,482,11,335.7,runs/h1_curriculum_len2_gated/stage2_len2/merged/step_800
len2_conly_gated_step_800,len_3,18.37,54,294,20,467.3,runs/h1_curriculum_len2_gated/stage2_len2/merged/step_800
len2_conly_gated_step_899,len_1,76.95,1015,1319,34,199.9,runs/h1_curriculum_len2_gated/stage2_len2/merged/step_899
len2_conly_gated_step_899,len_2,40.04,193,482,12,349.0,runs/h1_curriculum_len2_gated/stage2_len2/merged/step_899
len2_conly_gated_step_899,len_3,20.41,60,294,12,482.6,runs/h1_curriculum_len2_gated/stage2_len2/merged/step_899
len2_gated_base,len_1,76.72,1012,1319,67,256.5,Qwen/Qwen3-1.7B
len2_gated_base,len_2,38.38,185,482,9,359.9,Qwen/Qwen3-1.7B
len2_gated_base,len_3,14.63,43,294,23,510.8,Qwen/Qwen3-1.7B
len2_gated_step_100,len_1,76.72,1012,1319,59,249.5,runs/h1_curriculum_len2_gated/stage2_len2/merged/step_100
len2_gated_step_100,len_2,34.23,165,482,35,320.1,runs/h1_curriculum_len2_gated/stage2_len2/merged/step_100
len2_gated_step_100,len_3,17.35,51,294,31,477.5,runs/h1_curriculum_len2_gated/stage2_len2/merged/step_100
len2_gated_step_150,len_1,78.01,1029,1319,56,241.7,runs/h1_curriculum_len2_gated/stage2_len2/merged/step_150
len2_gated_step_150,len_2,37.55,181,482,34,332.3,runs/h1_curriculum_len2_gated/stage2_len2/merged/step_150
len2_gated_step_150,len_3,18.03,53,294,30,472.8,runs/h1_curriculum_len2_gated/stage2_len2/merged/step_150
len2_gated_step_200,len_1,77.26,1019,1319,56,228.0,runs/h1_curriculum_len2_gated/stage2_len2/merged/step_200
len2_gated_step_200,len_2,38.59,186,482,25,331.0,runs/h1_curriculum_len2_gated/stage2_len2/merged/step_200
len2_gated_step_200,len_3,17.69,52,294,34,468.3,runs/h1_curriculum_len2_gated/stage2_len2/merged/step_200
len2_gated_step_250,len_1,76.80,1013,1319,49,213.1,runs/h1_curriculum_len2_gated/stage2_len2/merged/step_250
len2_gated_step_250,len_2,37.14,179,482,35,325.7,runs/h1_curriculum_len2_gated/stage2_len2/merged/step_250
len2_gated_step_250,len_3,14.97,44,294,36,459.9,runs/h1_curriculum_len2_gated/stage2_len2/merged/step_250
len2_gated_step_299,len_1,77.18,1018,1319,42,206.9,runs/h1_curriculum_len2_gated/stage2_len2/merged/step_299
len2_gated_step_299,len_2,38.38,185,482,38,325.9,runs/h1_curriculum_len2_gated/stage2_len2/merged/step_299
len2_gated_step_299,len_3,17.01,50,294,24,454.0,runs/h1_curriculum_len2_gated/stage2_len2/merged/step_299
len2_gated_step_50,len_1,76.57,1010,1319,57,258.9,runs/h1_curriculum_len2_gated/stage2_len2/merged/step_50
len2_gated_step_50,len_2,38.80,187,482,20,346.5,runs/h1_curriculum_len2_gated/stage2_len2/merged/step_50
len2_gated_step_50,len_3,15.99,47,294,27,462.1,runs/h1_curriculum_len2_gated/stage2_len2/merged/step_50
len3_conly_fp32master_sigma0.001_base,len_1,76.80,1013,1319,59,255.6,Qwen/Qwen3-1.7B
len3_conly_fp32master_sigma0.001_base,len_2,38.59,186,482,8,359.9,Qwen/Qwen3-1.7B
len3_conly_fp32master_sigma0.001_base,len_3,14.63,43,294,19,510.5,Qwen/Qwen3-1.7B
len3_conly_fp32master_sigma0.001_base,len_4,5.36,20,373,31,675.9,Qwen/Qwen3-1.7B
len3_conly_fp32master_sigma0.001_step_100,len_1,77.18,1018,1319,76,274.4,runs/h1_curriculum_len3_correctonly_fp32master_sigma0.001/stage3_len3/merged/step_100
len3_conly_fp32master_sigma0.001_step_100,len_2,52.70,254,482,2,475.3,runs/h1_curriculum_len3_correctonly_fp32master_sigma0.001/stage3_len3/merged/step_100
len3_conly_fp32master_sigma0.001_step_100,len_3,31.97,94,294,4,771.0,runs/h1_curriculum_len3_correctonly_fp32master_sigma0.001/stage3_len3/merged/step_100
len3_conly_fp32master_sigma0.001_step_100,len_4,12.60,47,373,3,1031.6,runs/h1_curriculum_len3_correctonly_fp32master_sigma0.001/stage3_len3/merged/step_100
len3_conly_fp32master_sigma0.001_step_150,len_1,76.42,1008,1319,93,274.3,runs/h1_curriculum_len3_correctonly_fp32master_sigma0.001/stage3_len3/merged/step_150
len3_conly_fp32master_sigma0.001_step_150,len_2,52.49,253,482,1,491.7,runs/h1_curriculum_len3_correctonly_fp32master_sigma0.001/stage3_len3/merged/step_150
len3_conly_fp32master_sigma0.001_step_150,len_3,33.33,98,294,3,758.8,runs/h1_curriculum_len3_correctonly_fp32master_sigma0.001/stage3_len3/merged/step_150
len3_conly_fp32master_sigma0.001_step_150,len_4,13.67,51,373,5,1050.4,runs/h1_curriculum_len3_correctonly_fp32master_sigma0.001/stage3_len3/merged/step_150
len3_conly_fp32master_sigma0.001_step_200,len_1,76.42,1008,1319,90,273.6,runs/h1_curriculum_len3_correctonly_fp32master_sigma0.001/stage3_len3/merged/step_200
len3_conly_fp32master_sigma0.001_step_200,len_2,53.53,258,482,2,493.6,runs/h1_curriculum_len3_correctonly_fp32master_sigma0.001/stage3_len3/merged/step_200
len3_conly_fp32master_sigma0.001_step_200,len_3,36.05,106,294,2,756.8,runs/h1_curriculum_len3_correctonly_fp32master_sigma0.001/stage3_len3/merged/step_200
len3_conly_fp32master_sigma0.001_step_200,len_4,11.26,42,373,4,1040.4,runs/h1_curriculum_len3_correctonly_fp32master_sigma0.001/stage3_len3/merged/step_200
len3_conly_fp32master_sigma0.001_step_250,len_1,76.80,1013,1319,88,270.8,runs/h1_curriculum_len3_correctonly_fp32master_sigma0.001/stage3_len3/merged/step_250
len3_conly_fp32master_sigma0.001_step_250,len_2,53.73,259,482,1,484.4,runs/h1_curriculum_len3_correctonly_fp32master_sigma0.001/stage3_len3/merged/step_250
len3_conly_fp32master_sigma0.001_step_250,len_3,34.35,101,294,1,748.2,runs/h1_curriculum_len3_correctonly_fp32master_sigma0.001/stage3_len3/merged/step_250
len3_conly_fp32master_sigma0.001_step_250,len_4,12.87,48,373,5,1043.6,runs/h1_curriculum_len3_correctonly_fp32master_sigma0.001/stage3_len3/merged/step_250
len3_conly_fp32master_sigma0.001_step_300,len_1,76.80,1013,1319,83,271.1,runs/h1_curriculum_len3_correctonly_fp32master_sigma0.001/stage3_len3/merged/step_300
len3_conly_fp32master_sigma0.001_step_300,len_2,52.28,252,482,3,490.7,runs/h1_curriculum_len3_correctonly_fp32master_sigma0.001/stage3_len3/merged/step_300
len3_conly_fp32master_sigma0.001_step_300,len_3,34.69,102,294,3,758.8,runs/h1_curriculum_len3_correctonly_fp32master_sigma0.001/stage3_len3/merged/step_300
len3_conly_fp32master_sigma0.001_step_300,len_4,13.40,50,373,4,1038.4,runs/h1_curriculum_len3_correctonly_fp32master_sigma0.001/stage3_len3/merged/step_300
len3_conly_fp32master_sigma0.001_step_350,len_1,78.01,1029,1319,82,272.6,runs/h1_curriculum_len3_correctonly_fp32master_sigma0.001/stage3_len3/merged/step_350
len3_conly_fp32master_sigma0.001_step_350,len_2,55.19,266,482,3,498.3,runs/h1_curriculum_len3_correctonly_fp32master_sigma0.001/stage3_len3/merged/step_350
len3_conly_fp32master_sigma0.001_step_350,len_3,35.37,104,294,2,767.5,runs/h1_curriculum_len3_correctonly_fp32master_sigma0.001/stage3_len3/merged/step_350
len3_conly_fp32master_sigma0.001_step_350,len_4,15.28,57,373,8,1049.8,runs/h1_curriculum_len3_correctonly_fp32master_sigma0.001/stage3_len3/merged/step_350
len3_conly_fp32master_sigma0.001_step_400,len_1,76.04,1003,1319,92,271.6,runs/h1_curriculum_len3_correctonly_fp32master_sigma0.001/stage3_len3/merged/step_400
len3_conly_fp32master_sigma0.001_step_400,len_2,54.98,265,482,0,500.2,runs/h1_curriculum_len3_correctonly_fp32master_sigma0.001/stage3_len3/merged/step_400
len3_conly_fp32master_sigma0.001_step_400,len_3,35.71,105,294,4,780.6,runs/h1_curriculum_len3_correctonly_fp32master_sigma0.001/stage3_len3/merged/step_400
len3_conly_fp32master_sigma0.001_step_400,len_4,14.75,55,373,10,1072.2,runs/h1_curriculum_len3_correctonly_fp32master_sigma0.001/stage3_len3/merged/step_400
len3_conly_fp32master_sigma0.001_step_450,len_1,76.35,1007,1319,100,277.6,runs/h1_curriculum_len3_correctonly_fp32master_sigma0.001/stage3_len3/merged/step_450
len3_conly_fp32master_sigma0.001_step_450,len_2,55.39,267,482,0,512.1,runs/h1_curriculum_len3_correctonly_fp32master_sigma0.001/stage3_len3/merged/step_450
len3_conly_fp32master_sigma0.001_step_450,len_3,35.03,103,294,3,795.9,runs/h1_curriculum_len3_correctonly_fp32master_sigma0.001/stage3_len3/merged/step_450
len3_conly_fp32master_sigma0.001_step_450,len_4,16.09,60,373,6,1071.1,runs/h1_curriculum_len3_correctonly_fp32master_sigma0.001/stage3_len3/merged/step_450
len3_conly_fp32master_sigma0.001_step_50,len_1,76.88,1014,1319,70,277.3,runs/h1_curriculum_len3_correctonly_fp32master_sigma0.001/stage3_len3/merged/step_50
len3_conly_fp32master_sigma0.001_step_50,len_2,53.11,256,482,5,484.0,runs/h1_curriculum_len3_correctonly_fp32master_sigma0.001/stage3_len3/merged/step_50
len3_conly_fp32master_sigma0.001_step_50,len_3,29.93,88,294,2,753.7,runs/h1_curriculum_len3_correctonly_fp32master_sigma0.001/stage3_len3/merged/step_50
len3_conly_fp32master_sigma0.001_step_50,len_4,11.80,44,373,5,1054.8,runs/h1_curriculum_len3_correctonly_fp32master_sigma0.001/stage3_len3/merged/step_50
len3_conly_fp32master_sigma0.001_step_500,len_1,76.88,1014,1319,91,275.1,runs/h1_curriculum_len3_correctonly_fp32master_sigma0.001/stage3_len3/merged/step_500
len3_conly_fp32master_sigma0.001_step_500,len_2,56.02,270,482,0,513.7,runs/h1_curriculum_len3_correctonly_fp32master_sigma0.001/stage3_len3/merged/step_500
len3_conly_fp32master_sigma0.001_step_500,len_3,36.05,106,294,2,789.2,runs/h1_curriculum_len3_correctonly_fp32master_sigma0.001/stage3_len3/merged/step_500
len3_conly_fp32master_sigma0.001_step_500,len_4,18.50,69,373,6,1067.2,runs/h1_curriculum_len3_correctonly_fp32master_sigma0.001/stage3_len3/merged/step_500
len3_conly_fp32master_sigma0.001_step_550,len_1,76.95,1015,1319,95,277.9,runs/h1_curriculum_len3_correctonly_fp32master_sigma0.001/stage3_len3/merged/step_550
len3_conly_fp32master_sigma0.001_step_550,len_2,55.60,268,482,1,523.9,runs/h1_curriculum_len3_correctonly_fp32master_sigma0.001/stage3_len3/merged/step_550
len3_conly_fp32master_sigma0.001_step_550,len_3,39.12,115,294,5,819.8,runs/h1_curriculum_len3_correctonly_fp32master_sigma0.001/stage3_len3/merged/step_550
len3_conly_fp32master_sigma0.001_step_550,len_4,18.50,69,373,4,1095.9,runs/h1_curriculum_len3_correctonly_fp32master_sigma0.001/stage3_len3/merged/step_550
len3_conly_fp32master_sigma0.001_step_599,len_1,76.65,1011,1319,117,277.0,runs/h1_curriculum_len3_correctonly_fp32master_sigma0.001/stage3_len3/merged/step_599
len3_conly_fp32master_sigma0.001_step_599,len_2,56.43,272,482,0,526.3,runs/h1_curriculum_len3_correctonly_fp32master_sigma0.001/stage3_len3/merged/step_599
len3_conly_fp32master_sigma0.001_step_599,len_3,35.71,105,294,2,807.7,runs/h1_curriculum_len3_correctonly_fp32master_sigma0.001/stage3_len3/merged/step_599
len3_conly_fp32master_sigma0.001_step_599,len_4,17.16,64,373,3,1100.9,runs/h1_curriculum_len3_correctonly_fp32master_sigma0.001/stage3_len3/merged/step_599
len4heldout_fp32master_sigma0.001_base,len_4,5.36,20,373,31,675.4,Qwen/Qwen3-1.7B
len4heldout_fp32master_sigma0.001_step_500,len_4,12.06,45,373,5,1014.5,runs/h1_curriculum_len2_correctonly_fp32master_sigma0.001/stage2_len2/merged/step_500
len4heldout_fp32master_sigma0.001_step_599,len_4,10.99,41,373,6,1029.2,runs/h1_curriculum_len2_correctonly_fp32master_sigma0.001/stage2_len2/merged/step_599
smoke_eval,len_1,62.50,5,8,0,212.1,runs/smoke/stage1_len1/merged/step_3
stage1_len1_baseline_qwen3-1.7b,len_1,76.72,1012,1319,67,256.6,Qwen/Qwen3-1.7B
stage1_len1_baseline_qwen3-1.7b,len_2,38.38,185,482,9,359.9,Qwen/Qwen3-1.7B
stage1_len1_baseline_qwen3-1.7b,len_3,14.63,43,294,23,510.5,Qwen/Qwen3-1.7B
stage1_len1_step_10,len_1,80.00,160,200,10,254.2,runs/h1_curriculum/stage1_len1/merged/step_10
stage1_len1_step_20,len_1,80.50,161,200,10,250.5,runs/h1_curriculum/stage1_len1/merged/step_20
stage1_len1_step_200,len_1,77.26,1019,1319,44,237.3,runs/h1_curriculum/stage1_len1/merged/step_200
stage1_len1_step_200,len_2,38.80,187,482,15,353.4,runs/h1_curriculum/stage1_len1/merged/step_200
stage1_len1_step_200,len_3,15.65,46,294,25,465.5,runs/h1_curriculum/stage1_len1/merged/step_200
stage1_len1_step_250,len_1,76.72,1012,1319,34,206.0,runs/h1_curriculum/stage1_len1/merged/step_250
stage1_len1_step_250,len_2,39.63,191,482,29,320.8,runs/h1_curriculum/stage1_len1/merged/step_250
stage1_len1_step_250,len_3,13.95,41,294,25,457.0,runs/h1_curriculum/stage1_len1/merged/step_250
stage1_len1_step_29,len_1,83.50,167,200,7,256.7,runs/h1_curriculum/stage1_len1/merged/step_29
stage1_len1_step_299,len_1,76.57,1010,1319,31,171.9,runs/h1_curriculum/stage1_len1/merged/step_299
stage1_len1_step_299,len_2,36.93,178,482,31,306.5,runs/h1_curriculum/stage1_len1/merged/step_299
stage1_len1_step_299,len_3,14.29,42,294,31,447.8,runs/h1_curriculum/stage1_len1/merged/step_299
stage1_pop1024_step_100,len_1,75.89,1001,1319,59,252.5,runs/h1_curriculum_pop1024/stage1_len1/merged/step_100
stage1_pop1024_step_100,len_2,38.59,186,482,14,367.4,runs/h1_curriculum_pop1024/stage1_len1/merged/step_100
stage1_pop1024_step_100,len_3,15.99,47,294,27,497.2,runs/h1_curriculum_pop1024/stage1_len1/merged/step_100
stage1_pop1024_step_150,len_1,76.95,1015,1319,49,246.9,runs/h1_curriculum_pop1024/stage1_len1/merged/step_150
stage1_pop1024_step_150,len_2,39.00,188,482,9,362.1,runs/h1_curriculum_pop1024/stage1_len1/merged/step_150
stage1_pop1024_step_150,len_3,16.67,49,294,26,489.2,runs/h1_curriculum_pop1024/stage1_len1/merged/step_150
stage1_pop1024_step_200,len_1,76.72,1012,1319,39,251.0,runs/h1_curriculum_pop1024/stage1_len1/merged/step_200
stage1_pop1024_step_200,len_2,41.29,199,482,12,358.1,runs/h1_curriculum_pop1024/stage1_len1/merged/step_200
stage1_pop1024_step_200,len_3,15.65,46,294,28,473.2,runs/h1_curriculum_pop1024/stage1_len1/merged/step_200
stage1_pop1024_step_250,len_1,77.56,1023,1319,46,249.0,runs/h1_curriculum_pop1024/stage1_len1/merged/step_250
stage1_pop1024_step_250,len_2,41.70,201,482,10,350.4,runs/h1_curriculum_pop1024/stage1_len1/merged/step_250
stage1_pop1024_step_250,len_3,15.31,45,294,39,459.9,runs/h1_curriculum_pop1024/stage1_len1/merged/step_250
stage1_pop1024_step_299,len_1,77.18,1018,1319,44,241.1,runs/h1_curriculum_pop1024/stage1_len1/merged/step_299
stage1_pop1024_step_299,len_2,39.00,188,482,11,342.8,runs/h1_curriculum_pop1024/stage1_len1/merged/step_299
stage1_pop1024_step_299,len_3,13.61,40,294,36,462.2,runs/h1_curriculum_pop1024/stage1_len1/merged/step_299
stage1_pop1024_step_50,len_1,75.89,1001,1319,60,251.4,runs/h1_curriculum_pop1024/stage1_len1/merged/step_50
stage1_pop1024_step_50,len_2,41.08,198,482,7,359.1,runs/h1_curriculum_pop1024/stage1_len1/merged/step_50
stage1_pop1024_step_50,len_3,15.65,46,294,23,499.4,runs/h1_curriculum_pop1024/stage1_len1/merged/step_50
